Tranc_YearMonth,flat_type,block,street_name,storey_range,floor_area_sqm,flat_model,lease_commence_date,resale_price
2021-01,3 ROOM,28,JLN BT MERAH,10 TO 12,60,Standard,1967,235000
2021-01,3 ROOM,20,BALAM RD,01 TO 03,60,Standard,1967,230000
2021-01,3 ROOM,82,C'WEALTH CL,07 TO 09,60,Standard,1967,232000
2021-01,2 ROOM,55,LOR 5 TOA PAYOH,07 TO 09,43,Standard,1967,215000
2021-01,3 ROOM,112,LOR 1 TOA PAYOH,04 TO 06,65,Improved,1967,310000
2021-01,3 ROOM,110,LOR 1 TOA PAYOH,07 TO 09,65,Improved,1967,260000
2021-01,2 ROOM,120,LOR 2 TOA PAYOH,04 TO 06,40,Standard,1968,220000
2021-01,3 ROOM,118,LOR 1 TOA PAYOH,04 TO 06,65,Improved,1968,290000
2021-01,3 ROOM,53,LOR 5 TOA PAYOH,16 TO 18,68,Improved,1968,270000
2021-01,2 ROOM,30,JLN KLINIK,10 TO 12,49,Standard,1969,245000
2021-01,3 ROOM,22,HAVELOCK RD,16 TO 18,73,Standard,1969,320000
2021-01,3 ROOM,70,CIRCUIT RD,04 TO 06,56,Standard,1969,235000
2021-01,3 ROOM,58,CIRCUIT RD,01 TO 03,56,Standard,1969,229000
2021-01,3 ROOM,69,CIRCUIT RD,01 TO 03,56,Standard,1969,217000
2021-01,3 ROOM,61,CIRCUIT RD,07 TO 09,61,Standard,1969,255000
2021-01,3 ROOM,50,CIRCUIT RD,04 TO 06,56,Standard,1969,230000
2021-01,3 ROOM,95,OLD AIRPORT RD,04 TO 06,56,Standard,1969,305000
2021-01,3 ROOM,6,JLN BATU,04 TO 06,60,Standard,1969,262000
2021-01,3 ROOM,113,C'WEALTH CRES,10 TO 12,60,Standard,1969,260000
2021-01,3 ROOM,47,LOR 6 TOA PAYOH,07 TO 09,58,Standard,1969,246888
2021-01,3 ROOM,16,TAMAN HO SWEE,01 TO 03,66,Standard,1970,345000
2021-01,3 ROOM,16,TAMAN HO SWEE,04 TO 06,54,Standard,1970,263000
2021-01,4 ROOM,103,HENDERSON CRES,04 TO 06,74,Standard,1970,350000
2021-01,2 ROOM,112,HO CHING RD,04 TO 06,57,Improved,1970,220000
2021-01,3 ROOM,34,JLN BAHAGIA,01 TO 03,53,Standard,1970,220000
2021-01,2 ROOM,97,C'WEALTH CRES,04 TO 06,47,Standard,1970,230000
2021-01,3 ROOM,158,MEI LING ST,10 TO 12,66,Improved,1970,250000
2021-01,3 ROOM,162,MEI LING ST,07 TO 09,66,Improved,1970,280000
2021-01,3 ROOM,154,MEI LING ST,04 TO 06,67,Improved,1970,291888
2021-01,3 ROOM,160,MEI LING ST,10 TO 12,72,Improved,1970,400000
2021-01,3 ROOM,170,STIRLING RD,07 TO 09,60,Improved,1970,250000
2021-01,3 ROOM,170,STIRLING RD,13 TO 15,70,Improved,1970,300888
2021-01,3 ROOM,164,STIRLING RD,07 TO 09,66,Improved,1970,275000
2021-01,3 ROOM,124,LOR 1 TOA PAYOH,07 TO 09,67,Improved,1970,275000
2021-01,3 ROOM,116,LOR 2 TOA PAYOH,01 TO 03,63,Improved,1970,278000
2021-01,3 ROOM,96,LOR 3 TOA PAYOH,01 TO 03,68,Improved,1970,280000
2021-01,3 ROOM,13,LOR 7 TOA PAYOH,01 TO 03,66,Improved,1970,230000
2021-01,3 ROOM,20,LOR 7 TOA PAYOH,04 TO 06,67,Improved,1970,238000
2021-01,3 ROOM,23,TOA PAYOH EAST,10 TO 12,67,Improved,1970,264888
2021-01,3 ROOM,23,TOA PAYOH EAST,10 TO 12,67,Improved,1970,260000
2021-01,2 ROOM,2,JLN BT HO SWEE,04 TO 06,35,Standard,1971,210000
2021-01,3 ROOM,36,BEO CRES,10 TO 12,59,Standard,1971,340000
2021-01,3 ROOM,40,BEO CRES,04 TO 06,59,Standard,1971,310000
2021-01,2 ROOM,8,JLN KUKOH,16 TO 18,53,Improved,1971,255000
2021-01,2 ROOM,40,CIRCUIT RD,07 TO 09,45,Standard,1971,198000
2021-01,3 ROOM,28,JLN BAHAGIA,07 TO 09,56,Standard,1971,238000
2021-01,3 ROOM,157,LOR 1 TOA PAYOH,07 TO 09,67,Improved,1971,295000
2021-01,3 ROOM,17,LOR 7 TOA PAYOH,16 TO 18,67,Improved,1971,298000
2021-01,3 ROOM,26,TOA PAYOH EAST,01 TO 03,67,Improved,1971,265000
2021-01,3 ROOM,93,PAYA LEBAR WAY,01 TO 03,67,Improved,1972,260000
2021-01,3 ROOM,93,PAYA LEBAR WAY,01 TO 03,58,Improved,1972,220000
2021-01,3 ROOM,91,PAYA LEBAR WAY,01 TO 03,58,Improved,1972,235000
2021-01,3 ROOM,28,BENDEMEER RD,22 TO 24,71,Improved,1972,400000
2021-01,3 ROOM,64,JLN MA'MOR,01 TO 03,126,Terrace,1972,895000
2021-01,5 ROOM,34,WHAMPOA WEST,01 TO 03,136,Adjoined flat,1972,690000
2021-01,3 ROOM,173,LOR 1 TOA PAYOH,04 TO 06,66,Improved,1972,250000
2021-01,3 ROOM,159,LOR 1 TOA PAYOH,04 TO 06,65,Improved,1972,299000
2021-01,3 ROOM,159,LOR 1 TOA PAYOH,07 TO 09,65,Improved,1972,270000
2021-01,3 ROOM,85A,LOR 4 TOA PAYOH,13 TO 15,78,Improved,1972,318000
2021-01,3 ROOM,85B,LOR 4 TOA PAYOH,07 TO 09,68,Improved,1972,320000
2021-01,2 ROOM,44,MOH GUAN TER,01 TO 03,67,Standard,1973,510000
2021-01,3 ROOM,23A,QUEEN'S CL,13 TO 15,76,Improved,1973,365000
2021-01,3 ROOM,23A,QUEEN'S CL,19 TO 21,76,Improved,1973,420000
2021-01,3 ROOM,73,LOR 4 TOA PAYOH,01 TO 03,62,Standard,1973,268880
2021-01,3 ROOM,69,LOR 4 TOA PAYOH,10 TO 12,62,Standard,1973,275000
2021-01,3 ROOM,205,TOA PAYOH NTH,10 TO 12,65,Improved,1973,260000
2021-01,3 ROOM,206,TOA PAYOH NTH,04 TO 06,59,Improved,1973,245000
2021-01,4 ROOM,200,TOA PAYOH NTH,01 TO 03,87,Improved,1973,360000
2021-01,4 ROOM,209,TOA PAYOH NTH,13 TO 15,81,Improved,1973,363000
2021-01,4 ROOM,204,TOA PAYOH NTH,10 TO 12,87,Improved,1973,370000
2021-01,3 ROOM,37,LIM LIAK ST,01 TO 03,75,Standard,1974,620000
2021-01,3 ROOM,4,QUEEN'S RD,04 TO 06,73,Improved,1974,418000
2021-01,3 ROOM,4,QUEEN'S RD,10 TO 12,73,Improved,1974,415000
2021-01,3 ROOM,4,QUEEN'S RD,10 TO 12,73,Improved,1974,430000
2021-01,4 ROOM,6,FARRER RD,04 TO 06,91,Improved,1974,448000
2021-01,5 ROOM,5,FARRER RD,04 TO 06,120,Standard,1974,828000
2021-01,3 ROOM,4,SAGO LANE,16 TO 18,67,Improved,1974,405000
2021-01,3 ROOM,10,SELEGIE RD,07 TO 09,56,Standard,1974,317000
2021-01,3 ROOM,122,YUAN CHING RD,01 TO 03,61,Improved,1974,230000
2021-01,3 ROOM,72,GEYLANG BAHRU,07 TO 09,59,Improved,1974,253000
2021-01,3 ROOM,57,GEYLANG BAHRU,13 TO 15,65,Improved,1974,300000
2021-01,3 ROOM,72,GEYLANG BAHRU,07 TO 09,59,Improved,1974,276000
2021-01,3 ROOM,11,UPP BOON KENG RD,04 TO 06,65,Improved,1974,285000
2021-01,3 ROOM,93,WHAMPOA DR,04 TO 06,76,Improved,1974,325000
2021-01,3 ROOM,93,WHAMPOA DR,04 TO 06,65,Improved,1974,300000
2021-01,3 ROOM,98,WHAMPOA DR,13 TO 15,65,Improved,1974,285000
2021-01,3 ROOM,75,WHAMPOA DR,10 TO 12,65,Improved,1974,237000
2021-01,3 ROOM,75,WHAMPOA DR,07 TO 09,65,Improved,1974,255000
2021-01,4 ROOM,22,BOON KENG RD,07 TO 09,88,Improved,1974,450000
2021-01,4 ROOM,22,BOON KENG RD,01 TO 03,88,Improved,1974,416000
2021-01,4 ROOM,84,WHAMPOA DR,19 TO 21,91,Improved,1974,400000
2021-01,4 ROOM,95,WHAMPOA DR,19 TO 21,91,Improved,1974,388888
2021-01,4 ROOM,83,WHAMPOA DR,19 TO 21,91,Improved,1974,370000
2021-01,3 ROOM,9,HOLLAND AVE,04 TO 06,73,Improved,1974,408000
2021-01,3 ROOM,6,HOLLAND CL,04 TO 06,65,Improved,1974,320000
2021-01,3 ROOM,4,HOLLAND CL,04 TO 06,65,Improved,1974,323000
2021-01,5 ROOM,33,CHAI CHEE AVE,13 TO 15,119,Standard,1975,595000
2021-01,1 ROOM,7,TELOK BLANGAH CRES,04 TO 06,31,Improved,1975,182000
2021-01,3 ROOM,136,JLN BT MERAH,04 TO 06,70,Improved,1975,290000
2021-01,3 ROOM,2,JLN BT MERAH,01 TO 03,63,Improved,1975,270000
2021-01,3 ROOM,136,JLN BT MERAH,07 TO 09,59,Improved,1975,268000
2021-01,3 ROOM,21,TELOK BLANGAH CRES,07 TO 09,76,Improved,1975,328888
2021-01,3 ROOM,15,TELOK BLANGAH CRES,10 TO 12,76,Improved,1975,338000
2021-01,5 ROOM,25,TELOK BLANGAH CRES,22 TO 24,117,Standard,1975,668000
2021-01,5 ROOM,26,TELOK BLANGAH CRES,01 TO 03,119,Standard,1975,530000
2021-01,3 ROOM,34,UPP CROSS ST,10 TO 12,65,Improved,1975,375000
2021-01,3 ROOM,97,ALJUNIED CRES,07 TO 09,65,Improved,1975,290000
2021-01,3 ROOM,2,HOUGANG AVE 3,04 TO 06,59,Improved,1975,260000
2021-01,3 ROOM,1,HOUGANG AVE 3,10 TO 12,59,Improved,1975,238000
2021-01,4 ROOM,15,HOUGANG AVE 3,04 TO 06,82,Improved,1975,315000
2021-01,3 ROOM,186,BOON LAY AVE,19 TO 21,68,Improved,1975,260000
2021-01,3 ROOM,16,UPP BOON KENG RD,04 TO 06,65,Improved,1975,298888
2021-01,3 ROOM,16,UPP BOON KENG RD,04 TO 06,65,Improved,1975,315000
2021-01,4 ROOM,15,BEACH RD,07 TO 09,77,Improved,1975,470000
2021-01,4 ROOM,15,UPP BOON KENG RD,13 TO 15,88,Improved,1975,424000
2021-01,2 ROOM,15,MARINE TER,13 TO 15,42,Improved,1975,230000
2021-01,3 ROOM,8,MARINE TER,10 TO 12,65,Improved,1975,380000
2021-01,4 ROOM,17,MARINE TER,04 TO 06,82,Improved,1975,453000
2021-01,5 ROOM,27,MARINE CRES,22 TO 24,126,Standard,1975,825000
2021-01,5 ROOM,44,MARINE CRES,19 TO 21,120,Standard,1975,788000
2021-01,5 ROOM,2,MARINE TER,10 TO 12,120,Standard,1975,850000
2021-01,3 ROOM,2,DOVER RD,07 TO 09,73,Improved,1975,367000
2021-01,3 ROOM,13,HOLLAND DR,10 TO 12,65,Improved,1975,415000
2021-01,3 ROOM,13,HOLLAND DR,13 TO 15,65,Improved,1975,423000
2021-01,3 ROOM,11,HOLLAND DR,10 TO 12,65,Improved,1975,430000
2021-01,4 ROOM,10,HOLLAND AVE,13 TO 15,88,Improved,1975,550000
2021-01,4 ROOM,10,HOLLAND AVE,04 TO 06,88,Improved,1975,495000
2021-01,4 ROOM,13,HOLLAND DR,13 TO 15,88,Improved,1975,530000
2021-01,4 ROOM,11,HOLLAND DR,10 TO 12,88,Improved,1975,504000
2021-01,3 ROOM,216,ANG MO KIO AVE 1,04 TO 06,73,New Generation,1976,275888
2021-01,3 ROOM,1,BEDOK STH AVE 1,07 TO 09,59,Improved,1976,268000
2021-01,3 ROOM,131,JLN BT MERAH,07 TO 09,65,Improved,1976,300000
2021-01,3 ROOM,44,TELOK BLANGAH DR,01 TO 03,65,Improved,1976,312000
2021-01,3 ROOM,47,TELOK BLANGAH DR,04 TO 06,65,Improved,1976,325000
2021-01,3 ROOM,42,TELOK BLANGAH RISE,07 TO 09,70,Improved,1976,395000
2021-01,3 ROOM,28,TELOK BLANGAH RISE,01 TO 03,70,Improved,1976,238000
2021-01,4 ROOM,63,TELOK BLANGAH HTS,01 TO 03,98,New Generation,1976,435000
2021-01,5 ROOM,114,DEPOT RD,01 TO 03,117,Standard,1976,535000
2021-01,5 ROOM,39,TELOK BLANGAH RISE,22 TO 24,114,Standard,1976,640000
2021-01,3 ROOM,3,HAIG RD,04 TO 06,65,Improved,1976,315000
2021-01,3 ROOM,10,HAIG RD,07 TO 09,65,Improved,1976,333800
2021-01,3 ROOM,10,HAIG RD,04 TO 06,65,Improved,1976,320000
2021-01,4 ROOM,5,HAIG RD,04 TO 06,92,New Generation,1976,478000
2021-01,4 ROOM,5,HAIG RD,07 TO 09,92,New Generation,1976,470000
2021-01,5 ROOM,7,HAIG RD,19 TO 21,118,Improved,1976,680000
2021-01,5 ROOM,7,HAIG RD,07 TO 09,118,Improved,1976,660000
2021-01,3 ROOM,208,BOON LAY PL,07 TO 09,65,Improved,1976,258000
2021-01,3 ROOM,208,BOON LAY PL,07 TO 09,65,Improved,1976,220000
2021-01,5 ROOM,38,UPP BOON KENG RD,10 TO 12,119,Standard,1976,500000
2021-01,4 ROOM,76,MARINE DR,07 TO 09,82,Improved,1976,506000
2021-01,3 ROOM,1,GHIM MOH RD,01 TO 03,76,Improved,1976,318000
2021-01,3 ROOM,1,GHIM MOH RD,13 TO 15,65,Improved,1976,360000
2021-01,3 ROOM,5,GHIM MOH RD,07 TO 09,65,Improved,1976,313800
2021-01,3 ROOM,5,GHIM MOH RD,10 TO 12,65,Improved,1976,325000
2021-01,3 ROOM,231,LOR 8 TOA PAYOH,10 TO 12,65,Improved,1976,254000
2021-01,4 ROOM,226,LOR 8 TOA PAYOH,04 TO 06,82,Improved,1976,333000
2021-01,4 ROOM,226,LOR 8 TOA PAYOH,04 TO 06,82,Improved,1976,335000
2021-01,4 ROOM,226,LOR 8 TOA PAYOH,13 TO 15,82,Improved,1976,375000
2021-01,5 ROOM,224,LOR 8 TOA PAYOH,22 TO 24,117,Standard,1976,532000
2021-01,3 ROOM,6,MARSILING DR,10 TO 12,65,Improved,1976,205000
2021-01,3 ROOM,6,MARSILING DR,01 TO 03,65,Improved,1976,228000
2021-01,5 ROOM,9,MARSILING DR,16 TO 18,117,Standard,1976,350000
2021-02,3 ROOM,20,BALAM RD,01 TO 03,60.3,Standard,1967,235000
2021-02,3 ROOM,22,BALAM RD,01 TO 03,60,Standard,1967,235000
2021-02,3 ROOM,63,CIRCUIT RD,04 TO 06,56,Standard,1967,245000
2021-02,2 ROOM,85,C'WEALTH CL,04 TO 06,46,Standard,1967,218000
2021-02,3 ROOM,82,C'WEALTH CL,10 TO 12,60,Standard,1967,275000
2021-02,3 ROOM,90,C'WEALTH DR,01 TO 03,60,Standard,1967,264000
2021-02,3 ROOM,92,C'WEALTH DR,04 TO 06,60,Standard,1967,268000
2021-02,3 ROOM,94,LOR 4 TOA PAYOH,04 TO 06,60,Standard,1967,235000
2021-02,4 ROOM,95,LOR 4 TOA PAYOH,01 TO 03,120,Adjoined flat,1967,503000
2021-02,4 ROOM,46,STIRLING RD,01 TO 03,134,Terrace,1968,975000
2021-02,2 ROOM,28,JLN KLINIK,10 TO 12,49,Standard,1969,240000
2021-02,3 ROOM,37,JLN RUMAH TINGGI,07 TO 09,53,Standard,1969,230000
2021-02,3 ROOM,37,JLN RUMAH TINGGI,04 TO 06,53,Standard,1969,235000
2021-02,3 ROOM,72,CIRCUIT RD,04 TO 06,56,Standard,1969,230000
2021-02,3 ROOM,48,CIRCUIT RD,07 TO 09,60,Standard,1969,251000
2021-02,3 ROOM,48,CIRCUIT RD,01 TO 03,60,Standard,1969,239000
2021-02,3 ROOM,61,CIRCUIT RD,10 TO 12,61,Standard,1969,250000
2021-02,3 ROOM,50,CIRCUIT RD,07 TO 09,56,Standard,1969,241000
2021-02,3 ROOM,97,JLN DUA,04 TO 06,56,Standard,1969,275000
2021-02,3 ROOM,5,JLN BATU,01 TO 03,62,Standard,1969,308000
2021-02,3 ROOM,3,JLN BATU,01 TO 03,60,Standard,1969,248000
2021-02,3 ROOM,111,C'WEALTH CRES,04 TO 06,60,Standard,1969,288000
2021-02,3 ROOM,108,C'WEALTH CRES,04 TO 06,60,Standard,1969,270000
2021-02,3 ROOM,107,JLN BT MERAH,01 TO 03,63,Standard,1970,255000
2021-02,3 ROOM,33,JLN BAHAGIA,01 TO 03,56,Standard,1970,230000
2021-02,3 ROOM,33,JLN BAHAGIA,01 TO 03,56,Standard,1970,218000
2021-02,3 ROOM,27,JLN BAHAGIA,01 TO 03,56,Standard,1970,225000
2021-02,3 ROOM,99,C'WEALTH CRES,07 TO 09,64,Standard,1970,334000
2021-02,3 ROOM,160,MEI LING ST,10 TO 12,72,Improved,1970,395000
2021-02,3 ROOM,161,MEI LING ST,10 TO 12,72,Improved,1970,380000
2021-02,3 ROOM,152,MEI LING ST,04 TO 06,67,Improved,1970,265000
2021-02,3 ROOM,169,STIRLING RD,04 TO 06,60,Improved,1970,285000
2021-02,3 ROOM,169,STIRLING RD,10 TO 12,60,Improved,1970,270000
2021-02,4 ROOM,161,MEI LING ST,16 TO 18,85,Improved,1970,350000
2021-02,3 ROOM,128,LOR 1 TOA PAYOH,07 TO 09,67,Improved,1970,268888
2021-02,3 ROOM,100,LOR 1 TOA PAYOH,10 TO 12,68,Improved,1970,296000
2021-02,3 ROOM,128,LOR 1 TOA PAYOH,04 TO 06,67,Improved,1970,280000
2021-02,3 ROOM,96,LOR 3 TOA PAYOH,07 TO 09,68,Improved,1970,285000
2021-02,3 ROOM,9,LOR 7 TOA PAYOH,07 TO 09,66,Improved,1970,245000
2021-02,3 ROOM,8,LOR 7 TOA PAYOH,01 TO 03,66,Improved,1970,228888
2021-02,2 ROOM,20,JLN KLINIK,01 TO 03,48,Standard,1971,210000
2021-02,3 ROOM,36,BEO CRES,04 TO 06,59,Standard,1971,312000
2021-02,3 ROOM,40,BEO CRES,07 TO 09,59,Standard,1971,338888
2021-02,3 ROOM,8,JLN BT HO SWEE,01 TO 03,56,Standard,1971,255000
2021-02,4 ROOM,10,JLN KUKOH,10 TO 12,107,Adjoined flat,1971,538000
2021-02,2 ROOM,44,CIRCUIT RD,04 TO 06,40,Standard,1971,200000
2021-02,3 ROOM,38,CIRCUIT RD,10 TO 12,60,Standard,1971,288000
2021-02,3 ROOM,39,CIRCUIT RD,10 TO 12,57,Standard,1971,240000
2021-02,3 ROOM,44,CIRCUIT RD,01 TO 03,52,Standard,1971,218000
2021-02,3 ROOM,114,HO CHING RD,04 TO 06,67,Improved,1971,260000
2021-02,3 ROOM,35,JLN BAHAGIA,07 TO 09,56,Standard,1971,220000
2021-02,3 ROOM,21,CHAI CHEE RD,07 TO 09,65,Improved,1972,300000
2021-02,3 ROOM,37,CIRCUIT RD,04 TO 06,59,Standard,1972,240000
2021-02,3 ROOM,120,HO CHING RD,10 TO 12,67,Improved,1972,255000
2021-02,3 ROOM,26,BENDEMEER RD,07 TO 09,71,Improved,1972,370000
2021-02,3 ROOM,24,BENDEMEER RD,01 TO 03,68,Improved,1972,295000
2021-02,3 ROOM,45,BENDEMEER RD,07 TO 09,77,Improved,1972,330000
2021-02,2 ROOM,161,LOR 1 TOA PAYOH,01 TO 03,40,Improved,1972,220000
2021-02,3 ROOM,158,LOR 1 TOA PAYOH,07 TO 09,65,Improved,1972,295000
2021-02,3 ROOM,174,LOR 1 TOA PAYOH,04 TO 06,76,Improved,1972,230000
2021-02,3 ROOM,85C,LOR 4 TOA PAYOH,19 TO 21,78,Improved,1972,310000
2021-02,3 ROOM,85C,LOR 4 TOA PAYOH,10 TO 12,68,Improved,1972,290000
2021-02,4 ROOM,183,TOA PAYOH CTRL,04 TO 06,78,Improved,1972,355000
2021-02,3 ROOM,129,BT MERAH VIEW,13 TO 15,65,Improved,1973,320000
2021-02,3 ROOM,130,BT MERAH VIEW,04 TO 06,76,Improved,1973,345000
2021-02,3 ROOM,130,BT MERAH VIEW,16 TO 18,76,Improved,1973,418000
2021-02,3 ROOM,130,BT MERAH VIEW,19 TO 21,76,Improved,1973,403000
2021-02,3 ROOM,77,INDUS RD,04 TO 06,63,Improved,1973,385000
2021-02,3 ROOM,25,LIM LIAK ST,04 TO 06,88,Standard,1973,636000
2021-02,3 ROOM,21,LIM LIAK ST,01 TO 03,75,Standard,1973,618000
2021-02,2 ROOM,30,BALAM RD,04 TO 06,46,Standard,1973,210000
2021-02,3 ROOM,76,LOR LIMAU,01 TO 03,65,Improved,1973,250000
2021-02,3 ROOM,195,KIM KEAT AVE,07 TO 09,66,Improved,1973,225000
2021-02,3 ROOM,195,KIM KEAT AVE,01 TO 03,66,Improved,1973,220000
2021-02,3 ROOM,195,KIM KEAT AVE,07 TO 09,66,Improved,1973,238000
2021-02,3 ROOM,57,LOR 5 TOA PAYOH,04 TO 06,61,Standard,1973,230000
2021-02,3 ROOM,207,TOA PAYOH NTH,07 TO 09,65,Improved,1973,290000
2021-02,3 ROOM,207,TOA PAYOH NTH,10 TO 12,65,Improved,1973,328000
2021-02,4 ROOM,200,TOA PAYOH NTH,10 TO 12,87,Improved,1973,378000
2021-02,4 ROOM,202,TOA PAYOH NTH,04 TO 06,87,Improved,1973,385000
2021-02,4 ROOM,25,SIN MING RD,04 TO 06,88,Improved,1974,375000
2021-02,4 ROOM,3,QUEEN'S RD,04 TO 06,91,Improved,1974,488000
2021-02,3 ROOM,57,GEYLANG BAHRU,07 TO 09,65,Improved,1974,286000
2021-02,3 ROOM,11,UPP BOON KENG RD,07 TO 09,65,Improved,1974,320000
2021-02,3 ROOM,86,WHAMPOA DR,07 TO 09,66,Improved,1974,283000
2021-02,3 ROOM,98,WHAMPOA DR,13 TO 15,65,Improved,1974,300000
2021-02,3 ROOM,6,HOLLAND CL,04 TO 06,73,Improved,1974,355000
2021-02,3 ROOM,6,HOLLAND CL,01 TO 03,65,Improved,1974,330000
2021-02,3 ROOM,6,HOLLAND CL,04 TO 06,65,Improved,1974,340000
2021-02,3 ROOM,6,HOLLAND CL,13 TO 15,65,Improved,1974,362000
2021-02,3 ROOM,6,HOLLAND CL,10 TO 12,65,Improved,1974,360000
2021-02,4 ROOM,175,LOR 2 TOA PAYOH,07 TO 09,84,Improved,1974,420000
2021-02,5 ROOM,34,CHAI CHEE AVE,07 TO 09,114,Standard,1975,558000
2021-02,1 ROOM,7,TELOK BLANGAH CRES,04 TO 06,31,Improved,1975,180000
2021-02,1 ROOM,7,TELOK BLANGAH CRES,07 TO 09,31,Improved,1975,205000
2021-02,4 ROOM,128,KIM TIAN RD,04 TO 06,88,Improved,1975,448000
2021-02,5 ROOM,26,TELOK BLANGAH CRES,13 TO 15,119,Standard,1975,655000
2021-02,5 ROOM,26,TELOK BLANGAH CRES,04 TO 06,117,Standard,1975,565000
2021-02,3 ROOM,2,HOUGANG AVE 3,10 TO 12,59,Improved,1975,242000
2021-02,3 ROOM,186,BOON LAY AVE,13 TO 15,59,Improved,1975,228000
2021-02,3 ROOM,185,BOON LAY AVE,01 TO 03,59,Improved,1975,210000
2021-02,3 ROOM,186,BOON LAY AVE,13 TO 15,59,Improved,1975,270000
2021-02,3 ROOM,35,MARINE CRES,01 TO 03,59,Improved,1975,310000
2021-02,3 ROOM,33,MARINE CRES,10 TO 12,65,Improved,1975,370000
2021-02,3 ROOM,31,MARINE CRES,16 TO 18,65,Improved,1975,425000
2021-02,3 ROOM,7,MARINE TER,04 TO 06,70,Improved,1975,397000
2021-02,3 ROOM,7,MARINE TER,10 TO 12,59,Improved,1975,352000
2021-02,3 ROOM,59,MARINE TER,04 TO 06,76,Improved,1975,387000
2021-02,4 ROOM,34,MARINE CRES,04 TO 06,82,Improved,1975,418000
2021-02,4 ROOM,54,MARINE TER,01 TO 03,88,Improved,1975,420000
2021-02,4 ROOM,20,MARINE TER,07 TO 09,88,Improved,1975,452000
2021-02,4 ROOM,55,MARINE TER,10 TO 12,88,Improved,1975,532500
2021-02,5 ROOM,29,MARINE CRES,19 TO 21,120,Standard,1975,739999
2021-02,5 ROOM,29,MARINE CRES,04 TO 06,120,Standard,1975,640000
2021-02,5 ROOM,43,MARINE CRES,01 TO 03,120,Standard,1975,705000
2021-02,5 ROOM,3,MARINE TER,13 TO 15,120,Standard,1975,795000
2021-02,3 ROOM,2,DOVER RD,01 TO 03,65,Improved,1975,270000
2021-02,3 ROOM,11,HOLLAND DR,13 TO 15,65,Improved,1975,400000
2021-02,4 ROOM,13,HOLLAND DR,04 TO 06,88,Improved,1975,502888
2021-02,5 ROOM,21,HOLLAND DR,22 TO 24,117,Standard,1975,818000
2021-02,5 ROOM,21,HOLLAND DR,25 TO 27,117,Standard,1975,790000
2021-02,4 ROOM,214,LOR 8 TOA PAYOH,10 TO 12,82,Improved,1975,338000
2021-02,3 ROOM,215,ANG MO KIO AVE 1,04 TO 06,73,New Generation,1976,290000
2021-02,4 ROOM,207,ANG MO KIO AVE 1,07 TO 09,97,New Generation,1976,420000
2021-02,2 ROOM,45,TELOK BLANGAH DR,01 TO 03,45,Improved,1976,200000
2021-02,3 ROOM,47,TELOK BLANGAH DR,01 TO 03,65,Improved,1976,295000
2021-02,3 ROOM,63,TELOK BLANGAH HTS,04 TO 06,73,New Generation,1976,352000
2021-02,3 ROOM,63,TELOK BLANGAH HTS,10 TO 12,73,New Generation,1976,390000
2021-02,3 ROOM,32,TELOK BLANGAH RISE,10 TO 12,59,Improved,1976,303000
2021-02,3 ROOM,35,TELOK BLANGAH RISE,04 TO 06,60,Improved,1976,260000
2021-02,3 ROOM,42,TELOK BLANGAH RISE,04 TO 06,59,Improved,1976,275000
2021-02,3 ROOM,33,TELOK BLANGAH WAY,10 TO 12,59,Improved,1976,280000
2021-02,4 ROOM,59,TELOK BLANGAH HTS,10 TO 12,91,New Generation,1976,453000
2021-02,4 ROOM,61,TELOK BLANGAH HTS,04 TO 06,81,New Generation,1976,420000
2021-02,4 ROOM,40,TELOK BLANGAH RISE,13 TO 15,82,Improved,1976,388000
2021-02,4 ROOM,27,TELOK BLANGAH WAY,01 TO 03,82,Improved,1976,365000
2021-02,5 ROOM,114,DEPOT RD,16 TO 18,119,Standard,1976,568000
2021-02,5 ROOM,37,TELOK BLANGAH RISE,04 TO 06,114,Standard,1976,553000
2021-02,3 ROOM,8,EMPRESS RD,04 TO 06,65,Improved,1976,390000
2021-02,3 ROOM,4,HAIG RD,04 TO 06,76,Improved,1976,345000
2021-02,4 ROOM,9,GLOUCESTER RD,13 TO 15,91,New Generation,1976,515000
2021-02,3 ROOM,66,MARINE DR,10 TO 12,76,Improved,1976,439000
2021-02,3 ROOM,66,MARINE DR,10 TO 12,65,Improved,1976,380000
2021-02,3 ROOM,64,MARINE DR,01 TO 03,68,Improved,1976,382000
2021-02,4 ROOM,76,MARINE DR,07 TO 09,82,Improved,1976,525000
2021-02,3 ROOM,4,GHIM MOH RD,10 TO 12,65,Improved,1976,321500
2021-02,3 ROOM,2,GHIM MOH RD,10 TO 12,65,Improved,1976,308000
2021-02,3 ROOM,4,GHIM MOH RD,04 TO 06,65,Improved,1976,330000
2021-02,5 ROOM,27,DOVER CRES,16 TO 18,123,Standard,1976,652000
2021-02,3 ROOM,225,LOR 8 TOA PAYOH,10 TO 12,65,Improved,1976,256000
2021-02,4 ROOM,220,LOR 8 TOA PAYOH,16 TO 18,82,Improved,1976,326000
2021-02,4 ROOM,227,LOR 8 TOA PAYOH,01 TO 03,82,Improved,1976,293000
2021-02,3 ROOM,6,MARSILING DR,10 TO 12,65,Improved,1976,240888
2021-02,3 ROOM,12,MARSILING LANE,07 TO 09,65,Improved,1976,255000
2021-03,3 ROOM,23,BALAM RD,07 TO 09,60.3,Standard,1967,278000
2021-03,3 ROOM,19,BALAM RD,01 TO 03,60,Standard,1967,260000
2021-03,3 ROOM,34,CIRCUIT RD,07 TO 09,60,Standard,1967,260000
2021-03,3 ROOM,66,CIRCUIT RD,01 TO 03,56,Standard,1967,230000
2021-03,3 ROOM,66,CIRCUIT RD,04 TO 06,56,Standard,1967,252000
2021-03,2 ROOM,87,C'WEALTH CL,04 TO 06,46,Standard,1967,243000
2021-03,3 ROOM,87,C'WEALTH CL,10 TO 12,58,Standard,1967,298000
2021-03,3 ROOM,90,C'WEALTH DR,04 TO 06,69,Standard,1967,290000
2021-03,3 ROOM,117,LOR 1 TOA PAYOH,04 TO 06,65,Improved,1968,285000
2021-03,3 ROOM,119,LOR 1 TOA PAYOH,04 TO 06,65,Improved,1968,276000
2021-03,3 ROOM,26,JLN KLINIK,07 TO 09,60,Standard,1969,320000
2021-03,3 ROOM,57,CIRCUIT RD,01 TO 03,56,Standard,1969,230000
2021-03,3 ROOM,69,CIRCUIT RD,04 TO 06,56,Standard,1969,232000
2021-03,3 ROOM,58,CIRCUIT RD,07 TO 09,56,Standard,1969,203000
2021-03,3 ROOM,49,CIRCUIT RD,07 TO 09,56,Standard,1969,255000
2021-03,3 ROOM,57,CIRCUIT RD,04 TO 06,56,Standard,1969,205000
2021-03,3 ROOM,69,CIRCUIT RD,07 TO 09,56,Standard,1969,270000
2021-03,3 ROOM,99,OLD AIRPORT RD,07 TO 09,56,Standard,1969,340000
2021-03,3 ROOM,5,JLN BATU,01 TO 03,63,Standard,1969,245000
2021-03,3 ROOM,3,JLN BATU,04 TO 06,60,Standard,1969,256000
2021-03,3 ROOM,2,JLN BATU,04 TO 06,60,Standard,1969,280000
2021-03,4 ROOM,5,JLN BATU,07 TO 09,125,Adjoined flat,1969,490000
2021-03,2 ROOM,108,C'WEALTH CRES,01 TO 03,47,Standard,1969,220000
2021-03,3 ROOM,112,C'WEALTH CRES,01 TO 03,58,Standard,1969,250800
2021-03,3 ROOM,108,C'WEALTH CRES,01 TO 03,60,Standard,1969,270000
2021-03,3 ROOM,3,LOR 7 TOA PAYOH,04 TO 06,68,Improved,1969,265000
2021-03,4 ROOM,66,LOR 4 TOA PAYOH,10 TO 12,145,Adjoined flat,1969,850000
2021-03,3 ROOM,46,JLN BT HO SWEE,07 TO 09,62,Standard,1970,295000
2021-03,3 ROOM,107,JLN BT MERAH,10 TO 12,63,Standard,1970,265000
2021-03,3 ROOM,85,CIRCUIT RD,04 TO 06,60,Improved,1970,250000
2021-03,3 ROOM,85,CIRCUIT RD,07 TO 09,60,Improved,1970,240000
2021-03,3 ROOM,96,C'WEALTH CRES,01 TO 03,59,Standard,1970,275000
2021-03,3 ROOM,162,MEI LING ST,10 TO 12,66,Improved,1970,330000
2021-03,3 ROOM,157,MEI LING ST,10 TO 12,69,Improved,1970,269000
2021-03,3 ROOM,153,MEI LING ST,10 TO 12,67,Improved,1970,295000
2021-03,3 ROOM,166,STIRLING RD,01 TO 03,60,Improved,1970,265000
2021-03,3 ROOM,169,STIRLING RD,10 TO 12,70,Improved,1970,295000
2021-03,3 ROOM,128,LOR 1 TOA PAYOH,10 TO 12,67,Improved,1970,288000
2021-03,3 ROOM,100,LOR 1 TOA PAYOH,01 TO 03,68,Improved,1970,265000
2021-03,3 ROOM,123,LOR 1 TOA PAYOH,04 TO 06,67,Improved,1970,343000
2021-03,3 ROOM,9,LOR 7 TOA PAYOH,07 TO 09,66,Improved,1970,245000
2021-03,3 ROOM,20,LOR 7 TOA PAYOH,07 TO 09,67,Improved,1970,258000
2021-03,3 ROOM,12,LOR 7 TOA PAYOH,10 TO 12,66,Improved,1970,269000
2021-03,3 ROOM,8,JLN BT HO SWEE,07 TO 09,56,Standard,1971,268000
2021-03,3 ROOM,20,JLN KLINIK,04 TO 06,59,Standard,1971,290000
2021-03,3 ROOM,8,JLN KUKOH,10 TO 12,76,Improved,1971,390000
2021-03,2 ROOM,46,CIRCUIT RD,10 TO 12,42,Standard,1971,218000
2021-03,3 ROOM,43,CIRCUIT RD,07 TO 09,52,Standard,1971,224000
2021-03,3 ROOM,113,TAO CHING RD,04 TO 06,67,Improved,1971,210000
2021-03,3 ROOM,35,JLN BAHAGIA,04 TO 06,56,Standard,1971,220000
2021-03,3 ROOM,157,LOR 1 TOA PAYOH,01 TO 03,67,Improved,1971,262000
2021-03,3 ROOM,157,LOR 1 TOA PAYOH,10 TO 12,67,Improved,1971,295000
2021-03,3 ROOM,157,LOR 1 TOA PAYOH,01 TO 03,67,Improved,1971,290000
2021-03,3 ROOM,17,LOR 7 TOA PAYOH,16 TO 18,67,Improved,1971,300000
2021-03,3 ROOM,26,TOA PAYOH EAST,04 TO 06,67,Improved,1971,245000
2021-03,3 ROOM,91,PAYA LEBAR WAY,10 TO 12,58,Improved,1972,258000
2021-03,3 ROOM,120,HO CHING RD,01 TO 03,67,Improved,1972,245000
2021-03,3 ROOM,45,BENDEMEER RD,10 TO 12,66,Improved,1972,290000
2021-03,3 ROOM,61,JLN TENTERAM,01 TO 03,94,Terrace,1972,830000
2021-03,3 ROOM,34,WHAMPOA WEST,07 TO 09,68,Improved,1972,340000
2021-03,4 ROOM,69,MOULMEIN RD,10 TO 12,84,Improved,1972,490000
2021-03,3 ROOM,174,LOR 1 TOA PAYOH,07 TO 09,76,Improved,1972,300000
2021-03,3 ROOM,163,LOR 1 TOA PAYOH,10 TO 12,65,Improved,1972,280000
2021-03,3 ROOM,85C,LOR 4 TOA PAYOH,04 TO 06,68,Improved,1972,355000
2021-03,3 ROOM,85B,LOR 4 TOA PAYOH,16 TO 18,68,Improved,1972,328000
2021-03,3 ROOM,22,SIN MING RD,04 TO 06,68,Improved,1973,270888
2021-03,3 ROOM,128,BT MERAH VIEW,04 TO 06,65,Improved,1973,300000
2021-03,3 ROOM,128,BT MERAH VIEW,13 TO 15,65,Improved,1973,330000
2021-03,3 ROOM,21,LIM LIAK ST,04 TO 06,88,Standard,1973,570000
2021-03,3 ROOM,86,REDHILL CL,16 TO 18,59,Improved,1973,318000
2021-03,3 ROOM,20,TIONG BAHRU RD,01 TO 03,88,Standard,1973,567000
2021-03,3 ROOM,77,LOR LIMAU,13 TO 15,59,Improved,1973,288000
2021-03,3 ROOM,23A,QUEEN'S CL,07 TO 09,76,Improved,1973,360000
2021-03,3 ROOM,194,KIM KEAT AVE,10 TO 12,66,Improved,1973,233888
2021-03,3 ROOM,73,LOR 4 TOA PAYOH,01 TO 03,62,Standard,1973,258000
2021-03,3 ROOM,73,LOR 4 TOA PAYOH,10 TO 12,62,Standard,1973,270000
2021-03,3 ROOM,206,TOA PAYOH NTH,04 TO 06,65,Improved,1973,290000
2021-03,4 ROOM,200,TOA PAYOH NTH,04 TO 06,87,Improved,1973,360000
2021-03,3 ROOM,32,CHAI CHEE AVE,07 TO 09,65,Improved,1974,300000
2021-03,4 ROOM,3,QUEEN'S RD,07 TO 09,91,Improved,1974,580000
2021-03,3 ROOM,4,SAGO LANE,07 TO 09,67,Improved,1974,390000
2021-03,3 ROOM,8,SELEGIE RD,04 TO 06,56,Standard,1974,318888
2021-03,4 ROOM,53,CHIN SWEE RD,19 TO 21,77,Improved,1974,538000
2021-03,3 ROOM,215,BOON LAY PL,07 TO 09,66,Improved,1974,280000
2021-03,3 ROOM,214,BOON LAY PL,07 TO 09,66,Improved,1974,253000
2021-03,3 ROOM,122,YUAN CHING RD,04 TO 06,61,Improved,1974,242000
2021-03,3 ROOM,121,YUAN CHING RD,07 TO 09,61,Improved,1974,235000
2021-03,3 ROOM,68,GEYLANG BAHRU,16 TO 18,76,Improved,1974,336800
2021-03,3 ROOM,57,GEYLANG BAHRU,07 TO 09,65,Improved,1974,300000
2021-03,3 ROOM,68,GEYLANG BAHRU,13 TO 15,65,Improved,1974,308000
2021-03,3 ROOM,72,GEYLANG BAHRU,04 TO 06,70,Improved,1974,326000
2021-03,3 ROOM,73,GEYLANG BAHRU,04 TO 06,59,Improved,1974,273888
2021-03,3 ROOM,73,GEYLANG BAHRU,04 TO 06,70,Improved,1974,335000
2021-03,3 ROOM,75,WHAMPOA DR,16 TO 18,65,Improved,1974,250000
2021-03,3 ROOM,98,WHAMPOA DR,07 TO 09,65,Improved,1974,285000
2021-03,4 ROOM,84,WHAMPOA DR,16 TO 18,91,Improved,1974,385000
2021-03,3 ROOM,2,HOLLAND AVE,07 TO 09,65,Improved,1974,422000
2021-03,3 ROOM,8,HOLLAND AVE,22 TO 24,59,Improved,1974,345000
2021-03,3 ROOM,2,HOLLAND AVE,19 TO 21,65,Improved,1974,435000
2021-03,3 ROOM,8,HOLLAND AVE,07 TO 09,59,Improved,1974,355000
2021-03,3 ROOM,32,HOLLAND CL,07 TO 09,59,Improved,1974,300000
2021-03,4 ROOM,9,HOLLAND AVE,07 TO 09,86,Improved,1974,590000
2021-03,4 ROOM,8,HOLLAND AVE,10 TO 12,82,Improved,1974,520000
2021-03,5 ROOM,31,HOLLAND CL,01 TO 03,118,Adjoined flat,1974,670000
2021-03,3 ROOM,2,MARSILING DR,07 TO 09,65,Improved,1974,240000
2021-03,3 ROOM,2,MARSILING DR,07 TO 09,65,Improved,1974,250000
2021-03,5 ROOM,33,CHAI CHEE AVE,13 TO 15,114,Standard,1975,562000
2021-03,1 ROOM,7,TELOK BLANGAH CRES,10 TO 12,31,Improved,1975,198000
2021-03,1 ROOM,7,TELOK BLANGAH CRES,01 TO 03,31,Improved,1975,190000
2021-03,3 ROOM,137,JLN BT MERAH,04 TO 06,59,Improved,1975,256000
2021-03,3 ROOM,137,JLN BT MERAH,07 TO 09,70,Improved,1975,310000
2021-03,3 ROOM,16,TELOK BLANGAH CRES,10 TO 12,65,Improved,1975,280000
2021-03,4 ROOM,24,TELOK BLANGAH CRES,07 TO 09,82,Improved,1975,395000
2021-03,3 ROOM,2,HOUGANG AVE 3,07 TO 09,59,Improved,1975,270000
2021-03,3 ROOM,2,HOUGANG AVE 3,07 TO 09,59,Improved,1975,213000
2021-03,3 ROOM,186,BOON LAY AVE,07 TO 09,59,Improved,1975,230000
2021-03,4 ROOM,15,BEACH RD,13 TO 15,77,Improved,1975,480000
2021-03,3 ROOM,47,MARINE CRES,04 TO 06,65,Improved,1975,400000
2021-03,3 ROOM,35,MARINE CRES,01 TO 03,59,Improved,1975,305000
2021-03,3 ROOM,33,MARINE CRES,04 TO 06,65,Improved,1975,375000
2021-03,3 ROOM,8,MARINE TER,01 TO 03,76,Improved,1975,388000
2021-03,4 ROOM,34,MARINE CRES,07 TO 09,82,Improved,1975,420800
2021-03,5 ROOM,28,MARINE CRES,16 TO 18,126,Standard,1975,760000
2021-03,5 ROOM,2,MARINE TER,19 TO 21,120,Standard,1975,842000
2021-03,5 ROOM,12,MARINE TER,07 TO 09,120,Standard,1975,685000
2021-03,5 ROOM,13,MARINE TER,16 TO 18,123,Standard,1975,770000
2021-03,5 ROOM,14,MARINE TER,16 TO 18,120,Standard,1975,858000
2021-03,3 ROOM,3,DOVER RD,01 TO 03,65,Improved,1975,292000
2021-03,3 ROOM,12,HOLLAND AVE,07 TO 09,65,Improved,1975,380000
2021-03,3 ROOM,43,HOLLAND DR,04 TO 06,68,Improved,1975,400000
2021-03,4 ROOM,10,HOLLAND AVE,07 TO 09,88,Improved,1975,500000
2021-03,4 ROOM,214,LOR 8 TOA PAYOH,04 TO 06,82,Improved,1975,310000
2021-03,4 ROOM,214,LOR 8 TOA PAYOH,07 TO 09,82,Improved,1975,338000
2021-03,3 ROOM,213,ANG MO KIO AVE 3,04 TO 06,67,New Generation,1976,260000
2021-03,3 ROOM,214,ANG MO KIO AVE 3,01 TO 03,67,New Generation,1976,270000
2021-03,3 ROOM,213,ANG MO KIO AVE 3,07 TO 09,67,New Generation,1976,305000
2021-03,3 ROOM,2,BEDOK STH AVE 1,10 TO 12,65,Improved,1976,270000
2021-03,3 ROOM,18,BEDOK STH RD,07 TO 09,65,Improved,1976,325000
2021-03,4 ROOM,5,BEDOK STH AVE 2,01 TO 03,82,Improved,1976,340000
2021-03,5 ROOM,21,BEDOK STH RD,01 TO 03,117,Standard,1976,490000
2021-03,3 ROOM,131,JLN BT MERAH,07 TO 09,65,Improved,1976,308000
2021-03,3 ROOM,130,KIM TIAN RD,07 TO 09,65,Improved,1976,290000
2021-03,3 ROOM,30,TELOK BLANGAH RISE,07 TO 09,70,Improved,1976,320000
2021-03,4 ROOM,57,TELOK BLANGAH HTS,04 TO 06,92,New Generation,1976,448000
2021-03,4 ROOM,58,TELOK BLANGAH HTS,04 TO 06,91,New Generation,1976,440000
2021-03,4 ROOM,57,TELOK BLANGAH HTS,01 TO 03,91,New Generation,1976,468888
2021-03,4 ROOM,27,TELOK BLANGAH WAY,10 TO 12,82,Improved,1976,398000
2021-03,4 ROOM,8,HAIG RD,07 TO 09,92,New Generation,1976,460000
2021-03,4 ROOM,8,HAIG RD,07 TO 09,92,New Generation,1976,475000
2021-03,3 ROOM,209,BOON LAY PL,04 TO 06,65,Improved,1976,220000
2021-03,3 ROOM,207,BOON LAY PL,01 TO 03,65,Improved,1976,240000
2021-03,3 ROOM,209,BOON LAY PL,01 TO 03,65,Improved,1976,248000
2021-03,3 ROOM,209,BOON LAY PL,01 TO 03,65,Improved,1976,245000
2021-03,3 ROOM,211,BOON LAY PL,10 TO 12,65,Improved,1976,232000
2021-03,5 ROOM,202,BOON LAY DR,13 TO 15,120,Standard,1976,407000
2021-03,5 ROOM,200,BOON LAY DR,13 TO 15,121,Standard,1976,406000
2021-03,3 ROOM,10,GLOUCESTER RD,07 TO 09,67,New Generation,1976,405000
2021-03,3 ROOM,10,GLOUCESTER RD,10 TO 12,67,New Generation,1976,375000
2021-03,5 ROOM,39,UPP BOON KENG RD,04 TO 06,114,Standard,1976,520000
2021-03,5 ROOM,39,UPP BOON KENG RD,07 TO 09,114,Standard,1976,517000
2021-03,3 ROOM,65,MARINE DR,01 TO 03,76,Improved,1976,380000
2021-03,4 ROOM,63,MARINE DR,04 TO 06,87,Improved,1976,478000
2021-03,3 ROOM,21,DOVER CRES,01 TO 03,65,Improved,1976,310000
2021-03,3 ROOM,21,DOVER CRES,07 TO 09,65,Improved,1976,300000
2021-03,3 ROOM,5,GHIM MOH RD,13 TO 15,65,Improved,1976,338000
2021-03,3 ROOM,4,GHIM MOH RD,04 TO 06,76,Improved,1976,385000
2021-03,3 ROOM,1,GHIM MOH RD,10 TO 12,65,Improved,1976,360000
2021-03,3 ROOM,234,LOR 8 TOA PAYOH,10 TO 12,65,Improved,1976,280000
2021-03,3 ROOM,234,LOR 8 TOA PAYOH,10 TO 12,76,Improved,1976,325000
2021-03,3 ROOM,231,LOR 8 TOA PAYOH,07 TO 09,65,Improved,1976,262000
2021-03,3 ROOM,234,LOR 8 TOA PAYOH,04 TO 06,65,Improved,1976,270000
2021-03,4 ROOM,227,LOR 8 TOA PAYOH,10 TO 12,82,Improved,1976,370000
2021-03,4 ROOM,222,LOR 8 TOA PAYOH,01 TO 03,82,Improved,1976,330000
2021-03,4 ROOM,220,LOR 8 TOA PAYOH,10 TO 12,82,Improved,1976,320000
2021-03,5 ROOM,229,LOR 8 TOA PAYOH,13 TO 15,117,Standard,1976,520000
2021-03,3 ROOM,6,MARSILING DR,04 TO 06,65,Improved,1976,228888
2021-03,3 ROOM,12,MARSILING LANE,01 TO 03,78,Improved,1976,255000
2021-03,5 ROOM,11,MARSILING DR,07 TO 09,126,Standard,1976,370000
2021-04,3 ROOM,19,BALAM RD,10 TO 12,60.3,Standard,1967,260000
2021-04,3 ROOM,20,BALAM RD,04 TO 06,60.3,Standard,1967,228000
2021-04,3 ROOM,19,BALAM RD,01 TO 03,60.3,Standard,1967,222000
2021-04,2 ROOM,90,C'WEALTH DR,10 TO 12,48,Standard,1967,250000
2021-04,2 ROOM,54,LOR 5 TOA PAYOH,10 TO 12,43,Standard,1967,225000
2021-04,3 ROOM,113,LOR 1 TOA PAYOH,01 TO 03,65,Improved,1967,255000
2021-04,2 ROOM,120,LOR 2 TOA PAYOH,01 TO 03,38,Standard,1968,215000
2021-04,3 ROOM,22,HAVELOCK RD,04 TO 06,64,Standard,1969,311000
2021-04,3 ROOM,37,JLN RUMAH TINGGI,04 TO 06,53,Standard,1969,250000
2021-04,3 ROOM,67,CIRCUIT RD,04 TO 06,61,Standard,1969,245000
2021-04,3 ROOM,67,CIRCUIT RD,07 TO 09,61,Standard,1969,290000
2021-04,3 ROOM,48,CIRCUIT RD,07 TO 09,60,Standard,1969,250000
2021-04,3 ROOM,3,JLN BATU,07 TO 09,60,Standard,1969,282000
2021-04,3 ROOM,66,LOR 4 TOA PAYOH,07 TO 09,64,Standard,1969,280000
2021-04,3 ROOM,4,LOR 7 TOA PAYOH,01 TO 03,68,Improved,1969,280000
2021-04,2 ROOM,48,LOWER DELTA RD,04 TO 06,42,Standard,1970,218000
2021-04,4 ROOM,104,HENDERSON CRES,01 TO 03,74,Standard,1970,365000
2021-04,3 ROOM,33,JLN BAHAGIA,01 TO 03,53,Standard,1970,237000
2021-04,3 ROOM,154,MEI LING ST,07 TO 09,67,Improved,1970,290000
2021-04,3 ROOM,157,MEI LING ST,13 TO 15,69,Improved,1970,325000
2021-04,3 ROOM,166,STIRLING RD,04 TO 06,70,Improved,1970,358888
2021-04,3 ROOM,100,LOR 1 TOA PAYOH,01 TO 03,68,Improved,1970,280000
2021-04,3 ROOM,124,LOR 1 TOA PAYOH,07 TO 09,67,Improved,1970,260000
2021-04,3 ROOM,123,LOR 1 TOA PAYOH,04 TO 06,67,Improved,1970,310000
2021-04,3 ROOM,107,LOR 1 TOA PAYOH,04 TO 06,67,Improved,1970,280000
2021-04,3 ROOM,116,LOR 2 TOA PAYOH,19 TO 21,63,Improved,1970,295000
2021-04,3 ROOM,8,LOR 7 TOA PAYOH,04 TO 06,66,Improved,1970,240000
2021-04,3 ROOM,23,TOA PAYOH EAST,01 TO 03,67,Improved,1970,260000
2021-04,2 ROOM,24,BEO CRES,01 TO 03,48,Standard,1971,253800
2021-04,2 ROOM,32,JLN BT HO SWEE,01 TO 03,48,Standard,1971,230000
2021-04,2 ROOM,34,JLN BT HO SWEE,04 TO 06,51,Standard,1971,270000
2021-04,3 ROOM,6,JLN BT HO SWEE,01 TO 03,55,Standard,1971,226000
2021-04,3 ROOM,4,JLN BT HO SWEE,01 TO 03,59,Standard,1971,305000
2021-04,3 ROOM,8,JLN BT HO SWEE,07 TO 09,56,Standard,1971,280888
2021-04,3 ROOM,8,JLN BT HO SWEE,04 TO 06,56,Standard,1971,288000
2021-04,2 ROOM,10,JLN KUKOH,07 TO 09,53,Improved,1971,228000
2021-04,2 ROOM,43,CIRCUIT RD,07 TO 09,40,Standard,1971,210000
2021-04,3 ROOM,168,STIRLING RD,10 TO 12,60,Improved,1971,285000
2021-04,3 ROOM,17,LOR 7 TOA PAYOH,01 TO 03,67,Improved,1971,248000
2021-04,3 ROOM,119,HO CHING RD,04 TO 06,67,Improved,1972,240000
2021-04,3 ROOM,23,BENDEMEER RD,10 TO 12,68,Improved,1972,280000
2021-04,3 ROOM,30,BENDEMEER RD,10 TO 12,68,Improved,1972,310000
2021-04,3 ROOM,51,JLN BAHAGIA,01 TO 03,178,Terrace,1972,1140000
2021-04,3 ROOM,34,WHAMPOA WEST,01 TO 03,68,Improved,1972,313000
2021-04,3 ROOM,34,WHAMPOA WEST,04 TO 06,68,Improved,1972,324000
2021-04,3 ROOM,22,SIN MING RD,01 TO 03,68,Improved,1973,260000
2021-04,3 ROOM,35,LIM LIAK ST,01 TO 03,88,Standard,1973,680000
2021-04,3 ROOM,22,TIONG BAHRU RD,04 TO 06,88,Standard,1973,590000
2021-04,3 ROOM,76,LOR LIMAU,16 TO 18,65,Improved,1973,270000
2021-04,3 ROOM,195,KIM KEAT AVE,01 TO 03,66,Improved,1973,235000
2021-04,3 ROOM,205,TOA PAYOH NTH,07 TO 09,65,Improved,1973,299000
2021-04,4 ROOM,209,TOA PAYOH NTH,10 TO 12,81,Improved,1973,399000
2021-04,4 ROOM,204,TOA PAYOH NTH,16 TO 18,87,Improved,1973,425000
2021-04,4 ROOM,200,TOA PAYOH NTH,01 TO 03,87,Improved,1973,315000
2021-04,3 ROOM,40,CHAI CHEE AVE,10 TO 12,73,Improved,1974,313000
2021-04,3 ROOM,4,QUEEN'S RD,10 TO 12,73,Improved,1974,415000
2021-04,4 ROOM,6,FARRER RD,01 TO 03,91,Improved,1974,528000
2021-04,3 ROOM,4,SAGO LANE,07 TO 09,67,Improved,1974,400000
2021-04,3 ROOM,10,SELEGIE RD,10 TO 12,56,Standard,1974,337000
2021-04,3 ROOM,64,KALLANG BAHRU,07 TO 09,65,Improved,1974,310000
2021-04,3 ROOM,64,KALLANG BAHRU,10 TO 12,65,Improved,1974,290000
2021-04,3 ROOM,98,WHAMPOA DR,01 TO 03,76,Improved,1974,292000
2021-04,3 ROOM,82,WHAMPOA DR,10 TO 12,66,Improved,1974,250000
2021-04,3 ROOM,82,WHAMPOA DR,13 TO 15,66,Improved,1974,293800
2021-04,4 ROOM,49,WHAMPOA STH,10 TO 12,87,Improved,1974,385000
2021-04,5 ROOM,56,GEYLANG BAHRU,13 TO 15,120,Standard,1974,588000
2021-04,3 ROOM,9,HOLLAND AVE,19 TO 21,73,Improved,1974,455000
2021-04,3 ROOM,2,HOLLAND AVE,07 TO 09,65,Improved,1974,350000
2021-04,3 ROOM,8,HOLLAND AVE,07 TO 09,59,Improved,1974,326000
2021-04,3 ROOM,4,HOLLAND CL,13 TO 15,65,Improved,1974,345000
2021-04,4 ROOM,4,HOLLAND CL,16 TO 18,88,Improved,1974,590000
2021-04,4 ROOM,168A,QUEENSWAY,04 TO 06,84,Improved,1974,360000
2021-04,4 ROOM,179,TOA PAYOH CTRL,22 TO 24,84,Improved,1974,490000
2021-04,4 ROOM,35,CHAI CHEE AVE,04 TO 06,82,Improved,1975,375000
2021-04,5 ROOM,33,CHAI CHEE AVE,25 TO 27,114,Standard,1975,616000
2021-04,1 ROOM,7,TELOK BLANGAH CRES,07 TO 09,31,Improved,1975,205000
2021-04,3 ROOM,2,JLN BT MERAH,13 TO 15,63,Improved,1975,286000
2021-04,3 ROOM,2,JLN BT MERAH,10 TO 12,63,Improved,1975,303000
2021-04,3 ROOM,12,TELOK BLANGAH CRES,01 TO 03,70,Improved,1975,275000
2021-04,3 ROOM,16,TELOK BLANGAH CRES,10 TO 12,76,Improved,1975,330000
2021-04,3 ROOM,12,TELOK BLANGAH CRES,01 TO 03,59,Improved,1975,257000
2021-04,3 ROOM,22,TELOK BLANGAH CRES,01 TO 03,59,Improved,1975,295000
2021-04,4 ROOM,128,KIM TIAN RD,13 TO 15,88,Improved,1975,505000
2021-04,3 ROOM,34,UPP CROSS ST,19 TO 21,65,Improved,1975,390000
2021-04,3 ROOM,97,ALJUNIED CRES,07 TO 09,65,Improved,1975,325000
2021-04,4 ROOM,44,SIMS DR,10 TO 12,88,Improved,1975,395000
2021-04,4 ROOM,44,SIMS DR,04 TO 06,88,Improved,1975,370000
2021-04,4 ROOM,15,HOUGANG AVE 3,04 TO 06,82,Improved,1975,325000
2021-04,3 ROOM,185,BOON LAY AVE,01 TO 03,59,Improved,1975,223000
2021-04,3 ROOM,16,UPP BOON KENG RD,04 TO 06,65,Improved,1975,300000
2021-04,2 ROOM,16,MARINE TER,07 TO 09,42,Improved,1975,240000
2021-04,3 ROOM,35,MARINE CRES,04 TO 06,59,Improved,1975,338000
2021-04,3 ROOM,59,MARINE TER,01 TO 03,65,Improved,1975,340000
2021-04,3 ROOM,58,MARINE TER,04 TO 06,65,Improved,1975,323000
2021-04,4 ROOM,17,MARINE TER,13 TO 15,82,Improved,1975,445000
2021-04,4 ROOM,17,MARINE TER,04 TO 06,82,Improved,1975,460000
2021-04,5 ROOM,28,MARINE CRES,19 TO 21,126,Standard,1975,855000
2021-04,5 ROOM,29,MARINE CRES,19 TO 21,120,Standard,1975,801888
2021-04,5 ROOM,1,MARINE TER,01 TO 03,120,Standard,1975,750000
2021-04,3 ROOM,1,BEDOK STH AVE 1,01 TO 03,59,Improved,1976,265000
2021-04,3 ROOM,18,BEDOK STH RD,07 TO 09,65,Improved,1976,284000
2021-04,5 ROOM,20,BEDOK STH RD,01 TO 03,114,Standard,1976,548000
2021-04,3 ROOM,44,TELOK BLANGAH DR,04 TO 06,76,Improved,1976,362000
2021-04,3 ROOM,44,TELOK BLANGAH DR,07 TO 09,65,Improved,1976,357000
2021-04,3 ROOM,44,TELOK BLANGAH DR,07 TO 09,65,Improved,1976,308000
2021-04,3 ROOM,44,TELOK BLANGAH DR,01 TO 03,65,Improved,1976,315000
2021-04,3 ROOM,63,TELOK BLANGAH HTS,10 TO 12,73,New Generation,1976,368000
2021-04,3 ROOM,62,TELOK BLANGAH HTS,07 TO 09,73,New Generation,1976,385000
2021-04,3 ROOM,61,TELOK BLANGAH HTS,01 TO 03,67,New Generation,1976,305000
2021-04,4 ROOM,129,KIM TIAN RD,04 TO 06,88,Improved,1976,505000
2021-04,5 ROOM,48,TELOK BLANGAH DR,04 TO 06,123,Standard,1976,630000
2021-04,5 ROOM,39,TELOK BLANGAH RISE,01 TO 03,119,Standard,1976,510000
2021-04,5 ROOM,48A,DORSET RD,04 TO 06,119,Standard,1976,585000
2021-04,3 ROOM,65,MARINE DR,13 TO 15,65,Improved,1976,428000
2021-04,3 ROOM,65,MARINE DR,16 TO 18,76,Improved,1976,478000
2021-04,4 ROOM,62,MARINE DR,07 TO 09,87,Improved,1976,520000
2021-04,4 ROOM,63,MARINE DR,07 TO 09,87,Improved,1976,520000
2021-04,3 ROOM,231,LOR 8 TOA PAYOH,07 TO 09,65,Improved,1976,260000
2021-04,4 ROOM,228,LOR 8 TOA PAYOH,07 TO 09,82,Improved,1976,333888
2021-04,5 ROOM,230,LOR 8 TOA PAYOH,01 TO 03,119,Standard,1976,430000
2021-04,5 ROOM,229,LOR 8 TOA PAYOH,10 TO 12,117,Standard,1976,510000
2021-04,3 ROOM,6,MARSILING DR,01 TO 03,65,Improved,1976,268000
2021-04,3 ROOM,13,MARSILING LANE,07 TO 09,76,Improved,1976,240000
2021-04,4 ROOM,8,MARSILING DR,01 TO 03,88,Improved,1976,295000
